<?xml version="1.0" encoding="UTF-8"?>
<Configuration name="Motor">
	<Appenders>
		<Console name="Console" target="SYSTEM_OUT">
			<PatternLayout pattern="%d{HH:mm:ss.SSS} [%t] %-5level %logger{36} - %msg%n" />
		</Console>
		<File name="File" fileName="${sys:catalina.home}\logs\motor.log">
			<PatternLayout
				pattern="%d{yyy-MM-dd HH:mm:ss.SSS} [%t] %-5level %logger{36} - %msg%n" />
		</File>
		<Async name="Async">
			<AppenderRef ref="File" />
			<AppenderRef ref="Console" />
		</Async>
	</Appenders>
	<Loggers>
		<Logger name="org.springframework" additivity="false" level="ERROR">
			<AppenderRef ref="Async" />
		</Logger>
		<Logger name="org.apache.commons" additivity="false" level="ERROR">
			<AppenderRef ref="Async" />
		</Logger>
		<Logger name="com.guvvala" additivity="false" level="ERROR">
			<AppenderRef ref="Async" />
		</Logger>
		<Logger name="com.sgsystems" additivity="false" level="INFO">
			<AppenderRef ref="Async" />
		</Logger>
		<Logger name="org.hibernate" additivity="false" level="ERROR">
			<AppenderRef ref="Async" />
		</Logger>
		<Logger name="org.hibernate.type" additivity="false" level="ERROR">
			<AppenderRef ref="Async" />
		</Logger>
		<Logger name="org.hibernate.stat" additivity="false" level="ERROR">
			<AppenderRef ref="Async" />
		</Logger>
		<Logger name="org.hibernate.type.descriptor.sql.BasicBinder" level="ERROR">
				<AppenderRef ref="Async" />
		</Logger>
		<Root level="INFO">
			<AppenderRef ref="Async" />
		</Root>
	</Loggers>
</Configuration>



