<?xml version="1.0" encoding="UTF-8"?>
<beans xmlns="http://www.springframework.org/schema/beans"
	xmlns:xsi="http://www.w3.org/2001/XMLSchema-instance"
	xmlns:aop="http://www.springframework.org/schema/aop"
	xmlns:context="http://www.springframework.org/schema/context"
	xmlns:tx="http://www.springframework.org/schema/tx"
	xsi:schemaLocation="http://www.springframework.org/schema/beans http://www.springframework.org/schema/beans/spring-beans.xsd
		http://www.springframework.org/schema/aop http://www.springframework.org/schema/aop/spring-aop.xsd
		http://www.springframework.org/schema/context http://www.springframework.org/schema/context/spring-context.xsd
		http://www.springframework.org/schema/tx http://www.springframework.org/schema/tx/spring-tx.xsd">

<context:component-scan base-package="com.cg"/>
<bean id="dataSource" class="org.springframework.jdbc.datasource.DriverManagerDataSource">
	<property name="driverClassName" value="oracle.jdbc.OracleDriver"/>
	<property name="url" value="jdbc:oracle:thin:@10.51.103.201:1521:orcl11g"/>
	<property name="username" value="lab2etrg12"/>
	<property name="password" value="lab2eoracle"/>
</bean>

<bean id="emFactory" class="org.springframework.orm.jpa.LocalContainerEntityManagerFactoryBean">
	<property name="dataSource" ref="dataSource" />
	<property name="packagesToScan" value="com.cg.entity"/>
	<property name="persistenceProviderClass" value="org.hibernate.ejb.HibernatePersistence" />
	<property name="jpaPropertyMap">
	
	<map>
	<entry key="hibernate.dialect" value="org.hibernate.dialect.OracleDialect"/>
	<entry key="hibernate.hbm2ddl.auto" value="update"/>
	<entry key="hibernate.show_sql" value="true"/>
	</map>
	</property>
	
</bean>


<bean id="txnMgr" class="org.springframework.orm.jpa.JpaTransactionManager">
<property name="entityManagerFactory" ref="emFactory"/>
</bean>

 <tx:annotation-driven transaction-manager="txnMgr"/>

</beans>
