{
    "SELL_MY_CAR": "Sell My Car",
    "ENGLISH": "English",
    "US": "US",
    "DARI": "دری",
    "PASHTO": "پښتو",
    "SIGN_IN": "Sign in",
    "LOGOUT": "Log out",
    "FAVORITES": "Favorites",
    "NO_FAVORITES_YET": "No Favorites yet",
    "START_SAVING_CARS_AND_SEARCHED_NOW": "Start saving cars and searches now",
    "FACEBOOK": "Facebook",
    "GOOGLE": "Google",
    "OR": "OR",
    "LOGIN": "Login",
    "CREATE_AN_ACCOUNT": "Create an Account",
    "USERNAME": "Username",
    "PASSWORD": "Password",
    "DONT_HAVE_AN_ACCOUNT_YET": "Don't have an account yet",
    "FORGOT_PASSWORD": "Forgot Password",
    "PLEASE_WAIT": "Please wait",
    "INDIVIDUAL": "Individual",
    "DEALER": "Dealer",
    "FIRST_NAME": "First Name",
    "LAST_NAME": "Last Name",
    "EMAIL": "Email",
    "PHONE_NUMBER": "Phone Number",
    "ADDRESS": "Address",
    "REGISTER": "Register",
    "COMPANY_NAME": "Company Name",
    "NEW_VEHICLE": "New Vehicle",
    "USED_VEHICLE": "Used Vehicle",
    "RESET_PASSWORD": "RESET PASSWORD",
    "NEW_PASSWORD": "New Password",
    "CONFIRM_NEW_PASSWORD": "Confirm New Password",
    "SUBMIT": "Submit",
    "LETS_FIND_YOUR": "LET'S FIND YOUR",
    "DREAM_CAR": "DREAM CAR",
    "NEW_CAR": "New Car",
    "USED_CAR": "Used Car",
    "SELECT_MAKE": "Select Make",
    "SELECT_MODEL": "Select Model",
    "CHOOSE_THE_PRICE": "Choose the Price",
    "SELECT_YEAR": "Select Year",
    "KILOMETERS_RUN": "Kilometers Run",
    "SEARCH": "Search",
    "COMING_SOON": "Coming Soon",
    "SEARCH_WITH_STOCK_NUMBER": "Search with Stock Number",
    "HOT_DEALS": "Hot Deals",
    "CHECKOUT_MORE": "Checkout More",
    "BROWSE_BY": "Browse By",
    "BODY_STYLE": "Body Style",
    "SHOW_MORE": "Show More",
    "SHOW_LESS": "Show Less",
    "MAKE": "Make",
    "PRICE": "Price",
    "CAR_SPARE_PARTS": "Car Spare Parts",
    "CAR_TYRES_AND_RIMS": "Car Tyres & Rims",
    "AUTO_CULTIVATION": "Auto Cultivation",
    "AUTO_TUNING": "Auto Tuning",
    "MOTOR_CYCLE_PARTS": "Motorcycle Parts",
    "OIL_AND_LUBRICANTS": "Oil & Lubricants",
    "SPONSORED": "SPONSORED",
    "FAVORITE_A_CAR_TO_GET_PRICE_DROPS": "Favorite a car to get price drops",
    "RECEIVE_REAL_TIME_NOTIFICATIONS_AND_VIEW_YOUR_SAVED_CARS_SEAMLESSY_ACRROSS_DEVICES": "Receive real-time notifications & view your saved cars  seamlessly across devices",
    "LEARN_MORE": "Learn More",
    "FOLLOW_US_ON": "Follow Us On",
    "ABOUT_US": "About Us",
    "CONTACT_US": "Contact Us",
    "APP_NAME": "Motar",
    "SEARCH_RESULTS": "Search Results",
    "REMOVE": "Remove",
    "ADD_ANOTHER_CAR": "Add Another Car",
    "OVERVIEW": "Overview",
    "USED": "Used",
    "NEW": "New",
    "MSRP": "MSRP",
    "REDUCED_PRICE": "Reduced Price",
    "ENGINE": "Engine",
    "FUEL": "FUEL",
    "TRANSMISSION": "TRANSMISSION",
    "ENGINE_BHP": "ENGINE BHP",
    "NO_OF_CYLINDERS": "No.Of Cylinders",
    "DRIVE_TYPE": "Drive Type",
    "FAVORITE_PAGE": "Favorite Page",
    "MORE_DETAILS": "MORE DETAILS",
    "MILEAGE": "Mileage",
    "SPECS": "SPECS",
    "HIGHLIGHTS": "HIGHLIGHTS",
    "LISTED_TODAY": "Listed Today",
    "VIEWS": "Views",
    "INQUIRIES": "Inquiries",
    "DESCRIPTION": "DESCRIPTION",
    "NO_CARS_FOUND": "No Cars Found",
    "OOPS_SOMETHING_WENT_WRONG": "Oops! Something went wrong...",
    "REMOVE_FROM_FAVORITES": "Remove from favorites",
    "ADD_TO_FAVORITES": "Add to favorites",
    "HOME": "Home",
    "NO_IMAGE": "No Image",
    "MILES": "Miles",
    "STOCK": "Stock",
    "INTERIOR_EXTERIOR_COLORS": "INTERIOR / EXTERIOR COLORS",
    "VEHICLE_OVERVIEW": "Vehicle Overview",
    "INTERIOR_EXTERIROR": "INTERIOR & EXTERIOR",
    "DEALER_CAR_PAGE": "Dealer Car Page",
    "DEALER_CARS_ADD_NEW_CAR": "Dealer Cars / Add New Car",
    "ENTER_THE_VEHICLE_DETAILS": "Enter the Vehicle Details",
    "VIN": "VIN",
    "YEAR": "Year",
    "CAR_COLOR": "Car Color",
    "SELECT_CAR_COLOR": "Select Car Color",
    "CAR_INTERIOR_COLOR": "Car Interior Color",
    "SELECT_INTERIOR_COLOR": "Select Interior Color",
    "TANK_CAPACITY": "Tank Capacity",
    "FUEL_TYPE": "Fuel Type",
    "SELECT_FUEL_TYPE": "Select Fuel Type",
    "TRANSMISSION_TYPE": "Transmission Type",
    "SELECT_TRANSMISSION_TYPE": "Select Transmission Type",
    "SELECT_NO_OF_CYLINDERS": "Select No.of Cylinders",
    "SELECT_DRIVE_TYPE": "Select Drive Type",
    "CC": "CC",
    "SELECT_CC": "Select CC",
    "BHP": "BHP",
    "SELECT_BHP": "Select Bhp",
    "SEATING": "Seating",
    "SELECT_SEATING": "Select Seating",
    "TOTAL_SPEAKER": "Total Speaker",
    "ZIP_CODE": "Zip Code",
    "CAR_DESCRIPTION": "Car Description",
    "INTERIORS": "Interiors",
    "EXTERIORS": "Exteriors",
    "UPLOAD_THE_CAR_IMAGES": "Upload the Car images",
    "FRONT_PROFILE": "Front Profile",
    "UPLOAD": "Upload",
    "CHANGE": "Change",
    "FRONT_RIGHT_PROFILE": "Front Right Profile",
    "RIGHT_PROFILE": "Right Profile",
    "BACK_LEFT_PROFILE": "Back Left Profile",
    "BACK_PROFILE": "Back Profile",
    "BACK_RIGHT_PROFILE": "Back Right Profile",
    "LEFT_PROFILE": "Left Profile",
    "FRONT_LEFT_PROFILE": "Front Left Profile",
    "DRIVER_SIDE_VIEW": "Driver Side View",
    "DRIVERS_DOOR_PROFILE": "Drivers Door Profile",
    "ROOF_PROFILE": "Roof Profile",
    "PASSENGER_SIDE_PROFILE": "Passenger Side Profile",
    "DASHBOARD_VIEW": "Dashboard View",
    "REAR_SEATS_PROFILE": "Rear Seats Profile",
    "ENGINE_VIEW": "Engine View",
    "TRUNK_VIEW": "Trunk View",
    "SUBMIT_THE_CAR_DETAILS": "SUBMIT THE CAR DETAILS",
    "SAVING": "Saving",
    "FILTERS": "Filters",
    "CLEAR_ALL": "Clear All",
    "CONDITION": "CONDITION",
    "FROM": "From",
    "TO": "To",
    "MIN_PRICE": "Min Price",
    "MAX_PRICE": "Max Price",
    "NO_RESULTS_FOUND": "No Results found",
    "SEARCH_PAGE": "Search Page",
    "RESULTS": "Results",
    "CANCEL": "Cancel",
    "COMPARE_NOW": "Compare Now",
    "COMPARE_CARS": "Compare Cars",
    "ENTER_ZIPCODE": "Enter Zipcode",
    "SORT_BY": "Sort By",
    "ADD_TO_COMPARE": "Add to Compare",
    "ADDED_TO_COMPARE": "Added to Compare",
    "MODEL": "Model",
    "NEW_TO_MOTARAF": "New to Motar.af",
    "CREATE_YOUR_MOTARAF_ACCOUNT": "Create Your Motar.af Account",
    "LOGIN_WITH_SOCIAL_MEDIA": "Login with social media",
    "ITS_QUICK_AND_EASY": "It's quick and easy",
    "REGISTER_MESSAGE": "By creating an account, you agree to",
    "MOTAR_AF": "MOTOR.af's",
    "CONDITIONS_OF_USE": "Conditions's of Use",
    "PRIVACY_POLICY": "Privacy Policy",
    "PROFILE": "Profile",
    "MY_PROFILE": "My Profile",
    "CONTACT_INFORMATION": "Contact Information",
    "EMAIL_ADDRESS": "Email Address",
    "LOCATION": "Location",
    "FAVORITES_CARS": "Favorite Cars",
    "HISTORY": "History",
    "NO_FAVORITE_CARS_FOUND": "No Favorite Cars Found",
    "CITY": "City",
    "CONTACT_CUSTOMER_SUPPORT": "Contact Customer Support",
    "CONTACT_REASON": "Contact Reason",
    "SELECT_REASON": "Select Reason",
    "COMMENTS": "Comments",
    "BECOME_A_DEALER": "Become A Dealer",
    "CURRENT_DEALERS": "Current Dealers",
    "DISPLAY_CARS": "Display Cars",
    "ENTER_VIN": "Enter Vin",
    "EDIT": "Edit",
    "DELETE": "Delete",
    "INACTIVE": "Inactive",
    "ACTIVE": "Active",
    "WELCOME": "Welcome",
    "EASILY_MANAGE_YOUR_PROFILE_ALERTS_AND_FAVORITES_IN_ONE_SPOT": "Easily manage your Profile,Alerts and Favorites in one spot",
    "VEHICLE_ALERTS": "Vehicle Alerts",
    "RECENT_ACTIVITY": "Recent Activity",
    "EDIT_DEALER_CAR_PAGE": "Edit dealer car page",
    "EDIT_DEALER_CAR": "Edit Dealer Car",
    "EDIT_VEHICLE_DETAILS": "Edit Vehicle Details",
    "CREATE_ALERT": "Create alert",
    "FROM_YEAR": "From Year",
    "TO_YEAR": "To Year",
    "ANY": "Any",
    "MIN_MILEAGE": "Min Mileage",
    "MAX_MILEAGE": "Max Mileage",
    "RESET": "Reset",
    "SAVE_ALERT": "Save Alert",
    "NO_ALERTS_FOUND": "No Alerts Found",
    "NO_RECENT_ACTIVITY_FOUND": "No Recent Activity Found",
    "STOCK_NUMBER": "Stock Number",
    "USER_AGREEMENT": "User Agreement",
    "PRIVACY": "Privacy",
    "AD_CHOICES": "Ad Choices",
    "COPYRIGHT": "Motar.af All Rights Reserved",
    "SEND": "Send",
    "EXTERIOR_COLORS": "Exterior Colors",
    "INTERIOR_COLORS": "Interior Colors",
    "INTERIOR": "Interior",
    "EXTERIOR": "Exterior",
    "MESSAGE_SELLER": "MESSAGE SELLER",
    "CALL_SELLER": "CALL SELLER",
    "VIEW_PHOTOS": "View Photos",
    "VIEWED": "Viewed",
    "REGISTRATION_NUMBER": "Registration Number",
    "REGION": "Region",
    "CITYAREA": "City Area",
    "PROVINCE": "Province",
    "GET_DIRECTIONS": "GET DIRECTIONS",
    "CLOSE": "CLOSE",
    "CALL": "Call",
    "CONTACT": "Contact",
    "SELECT_STEERING": "Select Steering",
    "SELECT_CERTIFIED_TYPE": "Select Certified Type",
    "CERTIFIED_TYPE": "Certified Type",
    "TYPE_LOCATION": "Type Location",
    "STEERING": "Steering",
    "SELECT_BODY_STYLE": "Select Body Style",
    "KILOMETER": "Kilometer",
    "MAX_KILOMETER": "Max Kilometer",
    "NO_MAX": "No Max",
    "CITY_AND_AREA": "City - Area",
    "ENTER_CITY_AND_AREA": "Enter City - Area",
    "FEATURES": "Features",
    "MIN_YEAR": "Min Year",
    "MAX_YEAR": "Max Year",
    "SELECT_CITY": "Select City",
    "SELECT_CITYAREA": "Select City Area",
    "COLOR": "Color",
    "CANCEL_COMPARE": "Cancel Compare",
    "OPTIONS": "OPTIONS",
    "COMFORT": "Comfort",
    "SEATS": "Seats",
    "SAFETY": "Safety",
    "WINDOWS": "Windows",
    "ENTERTAINMENT": "Entertainment",
    "OTHER": "Other",
    "USER_CAR_PAGE": "User Car Page",
    "SELECT_PROVINCE": "Select Province",
    "AC_FRONT": "A/C: Front",
    "AC_REAR": "A/C: Rear",
    "CRUISE_CONTROL": "Cruise Control",
    "NAVIGATION": "Navigation",
    "POWER_LOCKS": "Power Locks",
    "POWER_STEERING": "Power Steering",
    "KEYLESS_ENTRY": "Keyless Entry",
    "INTEGRATED_PHONE": "Integrated Phone",
    "BUCKET_SEAT": "Bucket Seats",
    "LEATHER_INTERIOR": "Leather Interior",
    "MEMORY_SEATS": "Memory Seats",
    "POWER_SEATS": "Power Seats",
    "AIRBAG_PASSENGER": "Airbag: Passenger",
    "AIRBAG_DRIVER": "Airbag: Driver",
    "AIRBAG_SIDE": "Airbag: Side",
    "ALARM": "Alarm",
    "ANTI_LOCK_BRAKES": "Antilock Brakes",
    "FOG_LIGHTS": "Fog Lights",
    "POWER_WINDOWS": "Power Windows",
    "TINTED_GLASS": "Tinted Glass",
    "FM_STEREO": "AM/FM Stereo",
    "CASSETTE_PLAYER": "Cassette Player",
    "CD_SINGLE_DISC": "CD (Single Disc)",
    "CD_MULTI_DISC": "CD (Multi Disc)",
    "MP3_SINGLE_DISC": "MP3 (Single Disc)",
    "PREMIUM_SOUND": "Premium Sound",
    "DVD_SYSTEM": "DVD System",
    "TV": "TV",
    "ALLOY_WHEELS": "Alloy Wheels",
    "MOONROOF_SUNROOF": "Moonroof/Sunroof",
    "THIRD_ROW_SEATS": "Third Row Seats",
    "GOVERNMENT_REGISTERED": "Government Registered",
    "WITHOUT_DOCUMENTS": "Without Documents",
    "LEFT_HAND_DRIVE": "Left Hand Drive",
    "RIGHT_HAND_DRIVE": "Right Hand Drive",
    "BACKUP_CAMERA": "Back Up Camera",
    "REAR_WINDOW_WIPER": "Rear Window Wiper",
    "REAR_WINDOW_DEFROSTER": "Rear Window Defroster",
    "KEYLESS_START": "Key Less Start",
    "UPDATE_THE_CAR_DETAILS": "UPDATE THE CAR DETAILS",
    "MODIFIED_SEARCH": "Modified Search",
    "APPLY": "Apply",
    "USER_CARS_ADD_NEW_CAR": "User Car / Add New Car",
    "EDIT_USER_CAR": "Edit User Car",
    "AREA_CITY": "Area-City",
    "SELECT_AREA_CITY": "Select Area-City",
    "SHOW_DETAILS": "Show Details",
    "NON_CERTIFIED": "Non Certified",
    "CERTIFIED": " Certified",
    "KILOMETERS": "km",
    "EDIT_PROFILE": "Edit Profile",
    "UPDATE": "Update",
    "UPLOAD_IMAGE": "Upload Image",
    "SELECT_ENGINE_CAPACITY": "Select Engine Capacity",
    "ALTERNATE_PHONE_NUMBER": "Alternate Phone Number",
    "PHONE": "Phone",
    "SAVE": "Save",
    "ENTER_STOCK_NUMBER": "Enter Stock Number",
    "NEW_SEARCH": "NEW SEARCH",
    "ALL_MAKES": "All Makes",
    "ALL_MODELS": "All Models",
    "ALL_BODY_STYLES": "All Body Styles",
    "ALL_PROVINCE": "All Province",
    "ALL_AREA_CITY": "All Area-city",
    "NEW_AND_USED_CARS": "New & Used Cars",
    "ADVANCED_SEARCH": "Advanced Search",
    "ALL": "ALL",
    "SORT": "Sort",
    "SINGLE_CAR_PAGE": "Single Car",
    "PHONE_SM": "Ph",
    "SAVED": "Saved",
    "SELECT": "Select",
    "UPDATE_PROFILE": "Update Profile",
    "ADMIN": "Admin",
    "DONT_HAVE_ACCOUNT": "Don't have an account",
    "ALREADY_HAVE_ACCOUNT": "Already have an account",
    "CONFIRM_PASSWORD": "Confirm Password",
    "USERS": "Users",
    "DEALER_DETAILS": "Dealer Details",
    "CREATE_DEALER": "Create Dealer",
    "NAME": "Name",
    "DEALER_INDIVIDUAL": "Dealer/Individual",
    "ACTION": "Action",
    "FOR_ENROLLMENT_OF_YOUR_DEALER_ACCOUNT": "For Enrollment of your Dealer Account",
    "PLEASE_CALL_EMAIL_US": "Please Call / Email Us",
    "DEALER_SUPPORT": "Dealer Support",
    "EMAIL_US": "Email us",
    "PHONE_SUPPORT_NUMBERS": "Phone Support Numbers",
    "MAX_CARS_LIMIT": "Max Cars Limit",
    "ENG_FIRST_NAME": "First Name",
    "ENG_LAST_NAME": "Last Name",
    "ENG_COMPANY_NAME": "Company Name",
    "ENG_ADDRESS": "Address",
    "DARI_FIRST_NAME": "اسم",
    "DARI_LAST_NAME": "تخلص",
    "DARI_COMPANY_NAME": "نام شرکت",
    "DARI_ADDRESS": "آدرس",
    "PASHTO_FIRST_NAME": "نوم",
    "PASHTO_LAST_NAME": "تخلص",
    "PASHTO_COMPANY_NAME": "د شرکت نوم",
    "PASHTO_ADDRESS": "پته",
    "SENDING": "Sending",
    "NO_CARS_ADDED": "No Cars Added",
    "LEATHER_SEATS":"Leather Seats"
}