{
    "SELL_MY_CAR": "موتر من را بفروش",
    "ENGLISH": "English",
    "US": "امریکایی انگلیسی",
    "DARI": "دری",
    "PASHTO": "پښتو",
    "SIGN_IN": "ورود",
    "LOGOUT": "خروج",
    "FAVORITES": "دلخوا",
    "NO_FAVORITES_YET": "لیست داخوا خالی است",
    "START_SAVING_CARS_AND_SEARCHED_NOW": "شروع کنیدبه ثبت و جستجوی موتر ها",
    "FACEBOOK": "فیسبوک",
    "GOOGLE": "گوگل",
    "OR": "و یا",
    "LOGIN": "ورود",
    "CREATE_AN_ACCOUNT": "افتتاح حساب",
    "USERNAME": "نام کاربر",
    "PASSWORD": "پاسورد",
    "DONT_HAVE_AN_ACCOUNT_YET": "تا حال حساب ندارید",
    "FORGOT_PASSWORD": "پاسورد را فراموش کرده اید",
    "PLEASE_WAIT": "لطفآ منتظر باشید",
    "INDIVIDUAL": "انفرادی",
    "DEALER": "موتر فروشی",
    "FIRST_NAME": "اسم",
    "LAST_NAME": "تخلص",
    "EMAIL": "ایمیل",
    "PHONE_NUMBER": "نمبر تلیفون",
    "ADDRESS": "آدرس",
    "REGISTER": "ثبت",
    "COMPANY_NAME": "نام شرکت",
    "NEW_VEHICLE": "موتر جدید",
    "USED_VEHICLE": "موتر مستعمل",
    "RESET_PASSWORD": "تنظیم مجدد پسورد",
    "NEW_PASSWORD": "پسورد جدید",
    "CONFIRM_NEW_PASSWORD": "تائِید پسورد جدید",
    "SUBMIT": "ارسال",
    "LETS_FIND_YOUR": "خویش را با دریابید",
    "DREAM_CAR": "موتر رویایی",
    "NEW_CAR": "موتر جدید",
    "USED_CAR": "موتر مستعمل",
    "SELECT_MAKE": "انتخاب ساخت",
    "SELECT_MODEL": "انتخاب مودل",
    "CHOOSE_THE_PRICE": "قیمت را انتخاب کنید",
    "SELECT_YEAR": "انتخاب سال",
    "KILOMETERS_RUN": "کیلومتر",
    "SEARCH": "جستجو",
    "COMING_SOON": "بزودی",
    "SEARCH_WITH_STOCK_NUMBER": "جستجو با نمبر ثبت",
    "HOT_DEALS": "معاملات بهتر",
    "CHECKOUT_MORE": "جستجوی بیشتر",
    "BROWSE_BY": "درخواست به اساس",
    "BODY_STYLE": "شکل بادی",
    "SHOW_MORE": "بیشتر نشان دهید",
    "SHOW_LESS": "کمتر نشان دهید",
    "MAKE": "ساخت",
    "PRICE": "قیمت",
    "CAR_SPARE_PARTS": "پرزه جات اضافی موتر",
    "CAR_TYRES_AND_RIMS": "تایر و ویل موتر",
    "AUTO_CULTIVATION": "Auto Cultivation",
    "AUTO_TUNING": "تنظیم خودکار",
    "MOTOR_CYCLE_PARTS": "پرزه جات موترسایکل",
    "OIL_AND_LUBRICANTS": "تیل و گریس",
    "SPONSORED": "تمویل شده",
    "FAVORITE_A_CAR_TO_GET_PRICE_DROPS": "موتر دلخواه را انتخاب  و تخفیف بدست آرید",
    "RECEIVE_REAL_TIME_NOTIFICATIONS_AND_VIEW_YOUR_SAVED_CARS_SEAMLESSY_ACRROSS_DEVICES": "اعلانات  را به موقع دریافت نموده و موتر های دلخواه خود را از طریق سایت ها ببینید",
    "LEARN_MORE": "بیشتر بخوانید",
    "FOLLOW_US_ON": "ما را دنبال کنید در",
    "ABOUT_US": "در باره ما",
    "CONTACT_US": "تماس با ما",
    "APP_NAME": "موتر",
    "SEARCH_RESULTS": "جستجوی نتایج",
    "REMOVE": "حذف",
    "ADD_ANOTHER_CAR": "افزود موتر دیگر",
    "OVERVIEW": "مرور",
    "USED": "مستعمل",
    "NEW": "جدید",
    "MSRP": "MSRP",
    "REDUCED_PRICE": "تخفیف",
    "ENGINE": "ماشین",
    "FUEL": "مواد سوخت",
    "TRANSMISSION": "گیر بکس",
    "ENGINE_BHP": "ماشین BHP",
    "NO_OF_CYLINDERS": "تعداد سلندر ها",
    "DRIVE_TYPE": "طریقه حرکت",
    "FAVORITE_PAGE": "صفحه داخوا",
    "MORE_DETAILS": "جزئییات بیشتر",
    "MILEAGE": "مسافت پیموده شده",
    "SPECS": "مشخصات",
    "HIGHLIGHTS": "نکات ویژه",
    "LISTED_TODAY": "لیست شده امروز",
    "VIEWS": "بازدید",
    "INQUIRIES": "جستجو ها",
    "DESCRIPTION": "تفصیلات",
    "NO_CARS_FOUND": "هیچ موتر پیدا نشد",
    "OOPS_SOMETHING_WENT_WRONG": "ببخشید! اشتباهی رخ داد...",
    "REMOVE_FROM_FAVORITES": "حذف از لیست داخوا",
    "ADD_TO_FAVORITES": "افزود در لیست داخوا",
    "HOME": "صفحه اصلی",
    "NO_IMAGE": "بدون عکس",
    "MILES": "Miles",
    "STOCK": "موجود",
    "INTERIOR_EXTERIOR_COLORS": "رنگ داخل/بیرون",
    "VEHICLE_OVERVIEW": "مرور وسایط",
    "INTERIOR_EXTERIROR": "داخل و بیرون",
    "DEALER_CAR_PAGE": "صفحه موتر های موتر فروش",
    "DEALER_CARS_ADD_NEW_CAR": "موتر های موتر فروش/ اضافه موتر",
    "ENTER_THE_VEHICLE_DETAILS": "جزئییات موتر را بنویسید",
    "VIN": "نمبر شاسی",
    "YEAR": "سال",
    "CAR_COLOR": "رنگ موتر",
    "SELECT_CAR_COLOR": "رنگ موتر را انتخاب کنید",
    "CAR_INTERIOR_COLOR": "رنگ داخلی موتر",
    "SELECT_INTERIOR_COLOR": "رنگ داخلی را انتخاب کنید",
    "TANK_CAPACITY": "ظرفیت تانکی",
    "FUEL_TYPE": "نوع مواد سوخت",
    "SELECT_FUEL_TYPE": "انتخاب نوع مواد سوخت",
    "TRANSMISSION_TYPE": "گیربکس",
    "SELECT_TRANSMISSION_TYPE": "انتخاب گیربکس",
    "SELECT_NO_OF_CYLINDERS": "انتخاب تعداد سلندر",
    "SELECT_DRIVE_TYPE": "انتخاب نوع رانندگی",
    "CC": "سی سی",
    "SELECT_CC": "انتخاب سی سی",
    "BHP": "BHP",
    "SELECT_BHP": "BHP انتخاب",
    "SEATING": "سیت",
    "SELECT_SEATING": "انتخاب سیت",
    "TOTAL_SPEAKER": "مجموع سپیکر ها",
    "ZIP_CODE": "زیپ کود",
    "CAR_DESCRIPTION": "جزئییات موتر",
    "INTERIORS": "داخل",
    "EXTERIORS": "بیرون",
    "UPLOAD_THE_CAR_IMAGES": "تصاویر موتر را بخش نمایید",
    "FRONT_PROFILE": "عکس پیشرو",
    "UPLOAD": "افزود عکس",
    "CHANGE": "تغیر",
    "FRONT_RIGHT_PROFILE": "عکس پیشرو طرف راست",
    "RIGHT_PROFILE": "عکس طرف راست",
    "BACK_LEFT_PROFILE": "عکس عقب طرف چپ",
    "BACK_PROFILE": "عکس عقب",
    "BACK_RIGHT_PROFILE": "عکس عقب طرف راست",
    "LEFT_PROFILE": "عکس طرف چپ",
    "FRONT_LEFT_PROFILE": "عکس پیشرو طرف چپ",
    "DRIVER_SIDE_VIEW": "نما از سیت دریوار",
    "DRIVERS_DOOR_PROFILE": "عکس دروازه دریوار",
    "ROOF_PROFILE": "عکس سقف",
    "PASSENGER_SIDE_PROFILE": "عکس از سیت پهلوی درایور",
    "DASHBOARD_VIEW": "عکس سویچ بورد",
    "REAR_SEATS_PROFILE": "عکس سیت ها عقب",
    "ENGINE_VIEW": "عکس ماشین",
    "TRUNK_VIEW": "عکس داله",
    "SUBMIT_THE_CAR_DETAILS": "ارسال معلومات موتر",
    "SAVING": "در حال ثبت",
    "FILTERS": "فلتر ها",
    "CLEAR_ALL": "حذف همه",
    "CONDITION": "حالت",
    "FROM": "از",
    "TO": "به",
    "MIN_PRICE": "حداقل قیمت",
    "MAX_PRICE": "حد اکثر قیمت",
    "NO_RESULTS_FOUND": "هیچ نتیجه ای دریافت نشد",
    "SEARCH_PAGE": "صفحه جستجو",
    "RESULTS": "نتایج",
    "CANCEL": "لغو",
    "COMPARE_NOW": "مقایسه کن",
    "COMPARE_CARS": "مقایسه موتر ها",
    "ENTER_ZIPCODE": "زیپ را داخل کنید",
    "SORT_BY": "ترتیب به اساس",
    "ADD_TO_COMPARE": "افزود برای مقایسه",
    "ADDED_TO_COMPARE": "برای مقایسه افزود شد",
    "MODEL": "مودل",
    "NEW_TO_MOTARAF": "تازه امده اید Motar.af به",
    "CREATE_YOUR_MOTARAF_ACCOUNT": "حساب باز نمائید Motar.af در",
    "LOGIN_WITH_SOCIAL_MEDIA": "ورود با شبکه های اجتماعی",
    "ITS_QUICK_AND_EASY": "سریع و اسان است",
    "REGISTER_MESSAGE": "موافق هستید MOTOR.af با افتتاح حساب، شما با شرایط استفاده ",
    "MOTAR_AF": "MOTOR.af's",
    "CONDITIONS_OF_USE": "شرایط استفاده",
    "PRIVACY_POLICY": "قوانین حریم خصوصی",
    "PROFILE": "پروفایل",
    "MY_PROFILE": "پروفایل من",
    "CONTACT_INFORMATION": "معلومات تماس",
    "EMAIL_ADDRESS": "ایمیل",
    "LOCATION": "موقعیت",
    "FAVORITES_CARS": "موتر های دلخواه",
    "HISTORY": "تاریخچه",
    "NO_FAVORITE_CARS_FOUND": "لست دلخوا ها خالی است",
    "CITY": "شهر",
    "CONTACT_CUSTOMER_SUPPORT": "تماس با خدمات مشتریان",
    "CONTACT_REASON": "دلیل تماس",
    "SELECT_REASON": "انتخاب دلیل",
    "COMMENTS": "نظریات",
    "BECOME_A_DEALER": "ثبت موتر فروشی",
    "CURRENT_DEALERS": "موتر فروشی های ثبت شده",
    "DISPLAY_CARS": "مشاهده موتر ها",
    "ENTER_VIN": "نمبر شاسی را بنویسید",
    "EDIT": "تصحیح",
    "DELETE": "حذف",
    "INACTIVE": "غیر فعال",
    "ACTIVE": "فعال",
    "WELCOME": "خوش آمدید",
    "EASILY_MANAGE_YOUR_PROFILE_ALERTS_AND_FAVORITES_IN_ONE_SPOT": "پروفایل، هشدار ها و لست دلخواه خود را به آسانی از یک نقطه مدیریت کنید",
    "VEHICLE_ALERTS": "هشدار موتر",
    "RECENT_ACTIVITY": "فعالیت اخیر",
    "EDIT_DEALER_CAR_PAGE": "صفحه تصحیح موتر، موتر فروشی",
    "EDIT_DEALER_CAR": "تصحیح موتر، موتر فروشی",
    "EDIT_VEHICLE_DETAILS": "تصحیح جزئیات موتر",
    "CREATE_ALERT": "ایجاد هشدار",
    "FROM_YEAR": "از سال",
    "TO_YEAR": "الی سال",
    "ANY": "همه",
    "MIN_MILEAGE": "حد اقل مسافت پیموده شده",
    "MAX_MILEAGE": "کیلومتر",
    "RESET": "تنظیم مجدد",
    "SAVE_ALERT": "ثبت هشدار",
    "NO_ALERTS_FOUND": "هیچ آگاهی پیدا نشد",
    "NO_RECENT_ACTIVITY_FOUND": "هیچ فعالیت اخیر پیدا نشد",
    "STOCK_NUMBER": "نمبر ذخیره",
    "USER_AGREEMENT": "توافق نامه استفاده کننده",
    "PRIVACY": "حریم خصوصی",
    "AD_CHOICES": "افزود انتخاب ها",
    "COPYRIGHT": "تمام حقوق محفوظ است Motar.af",
    "SEND": "ارسال",
    "EXTERIOR_COLORS": "رنگ بیرون",
    "INTERIOR_COLORS": "رنگ داخل",
    "INTERIOR": "داخل",
    "EXTERIOR": "بیرون",
    "MESSAGE_SELLER": "پیام به فروشنده",
    "CALL_SELLER": "تماس با فروشنده",
    "VIEW_PHOTOS": "مشاهده عکس ها",
    "VIEWED": "مشاهده شده",
    "REGISTRATION_NUMBER": "نمبر ثبت",
    "REGION": "ساحه",
    "CITYAREA": "ناحیه شهر",
    "PROVINCE": "ولایت",
    "GET_DIRECTIONS": "اخذ رهنمای مسیر",
    "CLOSE": "بستن",
    "CALL": "تماس تلفونی",
    "CONTACT": "تماس",
    "SELECT_STEERING": "اشترینگ را انتخاب کنید",
    "SELECT_CERTIFIED_TYPE": "نوعیت اسناد را انتخاب کنید",
    "CERTIFIED_TYPE": "نوعیت اسناد",
    "TYPE_LOCATION": "موقعیت را بنویسید",
    "STEERING": "اشترینگ",
    "SELECT_BODY_STYLE": "شکل بادی را انتخاب کنید",
    "KILOMETER": "کیلومتر",
    "MAX_KILOMETER": "بلند ترین کیلومتر",
    "NO_MAX": "حد اکثر",
    "CITY_AND_AREA": "شهر و ناحیه",
    "ENTER_CITY_AND_AREA": "شهر و ناحیه را بویسید",
    "FEATURES": "ویژه گی ها",
    "MIN_YEAR": "حد اقل سال",
    "MAX_YEAR": "حد اکثر سال",
    "SELECT_CITY": "شهر را انتخاب کنید",
    "SELECT_CITYAREA": "ناحیه شهر را انتخاب کنید",
    "COLOR": "رنگ",
    "CANCEL_COMPARE": "لغو مقایسه",
    "OPTIONS": "گزینه ها",
    "COMFORT": "وسایل آسایش",
    "SEATS": "سیت ها",
    "SAFETY": "امنیت",
    "WINDOWS": "شیشه",
    "ENTERTAINMENT": "وسایل سرگرمی",
    "OTHER": "دیگر",
    "USER_CAR_PAGE": "صفحه موترمستعمل",
    "SELECT_PROVINCE": "انتخاب ولایت",
    "AC_FRONT": "ایرکندیشن: پیشرو",
    "AC_REAR": "ایرکندیشن: عقب",
    "CRUISE_CONTROL": "کروز کنترول",
    "NAVIGATION": "سیستم مسیر یابی",
    "POWER_LOCKS": "قفل برقی",
    "POWER_STEERING": "اشترنگ برقی",
    "KEYLESS_ENTRY": "بتن ستارت",
    "INTEGRATED_PHONE": "تلفن جابجا/نهفته شده",
    "BUCKET_SEAT": "سیت های عادی",
    "LEATHER_INTERIOR": "(چرمی (داخل",
    "MEMORY_SEATS": "تنظیم برقی سیت",
    "POWER_SEATS": "سیت برقی",
    "AIRBAG_PASSENGER": "ایربگ: مسافر",
    "AIRBAG_DRIVER": "ایربگ: راننده",
    "AIRBAG_SIDE": "ایربگ: جانبی",
    "ALARM": "الارم",
    "ANTI_LOCK_BRAKES": "سیستم برک ضد قفل",
    "FOG_LIGHTS": "چراغ غبار",
    "POWER_WINDOWS": "شیشه برقی",
    "TINTED_GLASS": "شیشه فلم دار",
    "FM_STEREO": "رادیو ای ام/ اف ام",
    "CASSETTE_PLAYER": "پخش کننده کست",
    "CD_SINGLE_DISC": "(سی دی ( کست واحد",
    "CD_MULTI_DISC": "(سی دی (دسک متعدد",
    "MP3_SINGLE_DISC": "(یک دیسک) MP3",
    "PREMIUM_SOUND": "سیستم صدا: پریمیم",
    "DVD_SYSTEM": "DVD سیستم",
    "TV": "تلویزیون",
    "ALLOY_WHEELS": "ویلکپ المونیمی",
    "MOONROOF_SUNROOF": "تب",
    "THIRD_ROW_SEATS": "سیت های سه قطاره",
    "GOVERNMENT_REGISTERED": "با نمبر پلیت",
    "WITHOUT_DOCUMENTS": "بیدون اسناد",
    "LEFT_HAND_DRIVE": "اشترنگ چپه",
    "RIGHT_HAND_DRIVE": "اشترنگ راسته",
    "BACKUP_CAMERA": "کمره عقب",
    "REAR_WINDOW_WIPER": "شیشه پاک کن شیشه عقب",
    "REAR_WINDOW_DEFROSTER": "سرد کننده  شیشه عقب",
    "KEYLESS_START": "بتن ستارت",
    "UPDATE_THE_CAR_DETAILS": "تصحیح جزئییات موتر",
    "MODIFIED_SEARCH": "جستجوی اصلاح شده",
    "APPLY": "اجرا",
    "USER_CARS_ADD_NEW_CAR": "موتر استفاده کننده/ افزود موتر جدید",
    "EDIT_USER_CAR": "برسی موترمستعمل",
    "AREA_CITY": "ناحیه - شهر",
    "SELECT_AREA_CITY": "ناحیه - شهر را انتخاب کنید",
    "SHOW_DETAILS": "مشاهده جزئییات",
    "NON_CERTIFIED": "بیدون اسناد",
    "CERTIFIED": "با اسناد",
    "KILOMETERS": "کیلومتر",
    "EDIT_PROFILE": "برسی پروفایل",
    "UPDATE": "تجدید",
    "UPLOAD_IMAGE": "اندختن تصاویر",
    "SELECT_ENGINE_CAPACITY": "قدرت ماشین",
    "ALTERNATE_PHONE_NUMBER": "شماره تماس دومی",
    "PHONE": "تیلفون",
    "SAVE": "ثبت",
    "ENTER_STOCK_NUMBER": "نمبر ثبت را بنویسید",
    "NEW_SEARCH": "جستجوی جدید",
    "ALL_MAKES": "تمام ساخت ها",
    "ALL_MODELS": "تمام مودل ها",
    "ALL_BODY_STYLES": "تمام شکل بادی",
    "ALL_PROVINCE": "تمام ولایات",
    "ALL_AREA_CITY": "تمام نواحی/شهر",
    "NEW_AND_USED_CARS": "موتر های جدید و مستعمل",
    "ADVANCED_SEARCH": "جستجوی مشرح",
    "ALL": "همه",
    "SORT": "سورت",
    "SINGLE_CAR_PAGE": "یک موتر",
    "PHONE_SM": "تیلفون",
    "SAVED": "ثبت شده",
    "SELECT": "انتخاب",
    "UPDATE_PROFILE": "تجدید پروفایل",
    "ADMIN": "مدیر",
    "DONT_HAVE_ACCOUNT": "حساب ندارم",
    "ALREADY_HAVE_ACCOUNT": "حساب دارم",
    "CONFIRM_PASSWORD": "تایید پسورد",
    "USERS": "استفاده کننده گان",
    "DEALER_DETAILS": "معلومات موترفروشی",
    "CREATE_DEALER": "افزود موترفروشی",
    "NAME": "نام",
    "DEALER_INDIVIDUAL": "موتر فروش/ انفرادی",
    "ACTION": "عمل",
    "FOR_ENROLLMENT_OF_YOUR_DEALER_ACCOUNT": "جهت ثبت حساب موتر فروشی خویش",
    "PLEASE_CALL_EMAIL_US": "لطفآ با ما در تماس شده و یا ایمیل ارسال نمایید",
    "DEALER_SUPPORT": "خدمات برای موتر فروش",
    "EMAIL_US": "ارسال ایمیل برای ما",
    "PHONE_SUPPORT_NUMBERS": "شماره تماس خدمات",
    "MAX_CARS_LIMIT": "حد اکثر تعداد موتران",
    "ENG_FIRST_NAME": "First Name",
    "ENG_LAST_NAME": "Last Name",
    "ENG_COMPANY_NAME": "Company Name",
    "ENG_ADDRESS": "Address",
    "DARI_FIRST_NAME": "اسم",
    "DARI_LAST_NAME": "تخلص",
    "DARI_COMPANY_NAME": "نام شرکت",
    "DARI_ADDRESS": "آدرس",
    "PASHTO_FIRST_NAME": "نوم",
    "PASHTO_LAST_NAME": "تخلص",
    "PASHTO_COMPANY_NAME": "د شرکت نوم",
    "PASHTO_ADDRESS": "پته",
    "SENDING": "ارسال .../ در حال ارسال",
    "NO_CARS_ADDED": "هیچ موتری افزود نگردیده",
    "LEATHER_SEATS":"سیت های جرمی"
}