{
    "SELL_MY_CAR": "زما موټر خرڅ کړه",
    "ENGLISH": "English",
    "US": "امریکایی انګریزي",
    "DARI": "دری",
    "PASHTO": "پښتو",
    "SIGN_IN": "ننوتل",
    "LOGOUT": "وتل",
    "FAVORITES": "خوښ شوي",
    "NO_FAVORITES_YET": "نه دی خوښ شوي",
    "START_SAVING_CARS_AND_SEARCHED_NOW": "د موټرانو لټون او ساتنه پیل کړئ",
    "FACEBOOK": "فېسبوک",
    "GOOGLE": "ګوګل",
    "OR": "یا",
    "LOGIN": "ننوتل",
    "CREATE_AN_ACCOUNT": "د حساب پرانیستل",
    "USERNAME": "کاروونکی نوم",
    "PASSWORD": "پټ نوم",
    "DONT_HAVE_AN_ACCOUNT_YET": "تر اوسه حساب نه لرئ",
    "FORGOT_PASSWORD": "پټ نوم مو هېر شوی",
    "PLEASE_WAIT": "مهربانۍ وکړئ په تمه اوسئ",
    "INDIVIDUAL": "انفرادي",
    "DEALER": "د موټر پلورنځی",
    "FIRST_NAME": "نوم",
    "LAST_NAME": "تخلص",
    "EMAIL": "بريښنالیک",
    "PHONE_NUMBER": "د موبایل شمېره",
    "ADDRESS": "پته",
    "REGISTER": "نوم لیکنه",
    "COMPANY_NAME": "د شرکت نوم",
    "NEW_VEHICLE": "نوی موټر",
    "USED_VEHICLE": "کارېدلی موټر",
    "RESET_PASSWORD": "د پټ نوم بیا لیکل",
    "NEW_PASSWORD": "نوی پټ نوم",
    "CONFIRM_NEW_PASSWORD": "د نوي پټ نوم تاییدول",
    "SUBMIT": "لیږل",
    "LETS_FIND_YOUR": "راځئ چې خپل جوړ کړئ",
    "DREAM_CAR": "د خوښې موټر",
    "NEW_CAR": "نوی موټر",
    "USED_CAR": "کارېدلی",
    "SELECT_MAKE": "د نښان شویو انتخاب",
    "SELECT_MODEL": "ماډل انتخاب کړئ",
    "CHOOSE_THE_PRICE": "نرخ وټاکئ",
    "SELECT_YEAR": "کال وټاکئ",
    "KILOMETERS_RUN": "کلیو متره",
    "SEARCH": "پلټنه",
    "COMING_SOON": "په نږدې راتلونکې",
    "SEARCH_WITH_STOCK_NUMBER": "د ثبت نمبر په اساس پلټنه",
    "HOT_DEALS": "د بهترو معاملې",
    "CHECKOUT_MORE": "زیاتې پلټنې",
    "BROWSE_BY": "پلټنه",
    "BODY_STYLE": "د باډۍ بڼه",
    "SHOW_MORE": "زیات وښيئ",
    "SHOW_LESS": "لږ وښيئ",
    "MAKE": "چوړښت",
    "PRICE": "نرخ",
    "CAR_SPARE_PARTS": "د موټر اضافې پرزې",
    "CAR_TYRES_AND_RIMS": "د موټر ټایر او ویل کپ",
    "AUTO_CULTIVATION": "Auto Cultivation",
    "AUTO_TUNING": "اتومات تنظیم",
    "MOTOR_CYCLE_PARTS": "د موټرسیکل پرزی",
    "OIL_AND_LUBRICANTS": "تیل او ګریس",
    "SPONSORED": "تمویل شوي",
    "FAVORITE_A_CAR_TO_GET_PRICE_DROPS": "د خوښې وړ موټر مو وټاکۍ او تخفیف ترلاسه کړئ",
    "RECEIVE_REAL_TIME_NOTIFICATIONS_AND_VIEW_YOUR_SAVED_CARS_SEAMLESSY_ACRROSS_DEVICES": "پر وخت خبر ترلاسه کړئ او ساتل شوي موټر مو د خپلو وسایلو له لارې ووینئ",
    "LEARN_MORE": "نور معلومات ترلاسه کړئ",
    "FOLLOW_US_ON": "موږ تعقیب کړئ",
    "ABOUT_US": "زموږ په اړه",
    "CONTACT_US": "له موږ سره اړیکه",
    "APP_NAME": "موټر",
    "SEARCH_RESULTS": "پایلې وپلټئ",
    "REMOVE": "له منځه وړل",
    "ADD_ANOTHER_CAR": "بل موټر زیات کړئ",
    "OVERVIEW": "کتنه",
    "USED": "کارېدلی",
    "NEW": "نوی",
    "MSRP": "MSRP",
    "REDUCED_PRICE": "کم شوی نرخ",
    "ENGINE": "ماشین",
    "FUEL": "د سونګ مواد",
    "TRANSMISSION": "ګیربکس",
    "ENGINE_BHP": "BHP د ماشین",
    "NO_OF_CYLINDERS": "د سلڼدرونو شمېر",
    "DRIVE_TYPE": "د چلولو ډول",
    "FAVORITE_PAGE": "د خوښې وړ پاڼه",
    "MORE_DETAILS": "نور تفصیلات",
    "MILEAGE": "مایلژ",
    "SPECS": "مشخصاتو",
    "HIGHLIGHTS": "ځانګړتیاوې",
    "LISTED_TODAY": "نن لېست شوي",
    "VIEWS": "کتنه",
    "INQUIRIES": "پلټنې",
    "DESCRIPTION": "تفصیلات",
    "NO_CARS_FOUND": "موټر پیدا نشو",
    "OOPS_SOMETHING_WENT_WRONG": "بښنه غواړم! تېروتنه وشوه...",
    "REMOVE_FROM_FAVORITES": "له دې پاڼه یې پاک کړئ",
    "ADD_TO_FAVORITES": "همدې پاڼې ته یې زیات کړئ",
    "HOME": "اصلی صفحه",
    "NO_IMAGE": "له انځور پرته",
    "MILES": "Miles",
    "STOCK": "شته",
    "INTERIOR_EXTERIOR_COLORS": "نني او بېروني رنګ",
    "VEHICLE_OVERVIEW": "د موټر څهره",
    "INTERIOR_EXTERIROR": "داخل او بېرون",
    "DEALER_CAR_PAGE": "د موټر پلورنځی موټر پاڼه",
    "DEALER_CARS_ADD_NEW_CAR": "د موټر پلورنځی موټران/ نوی موټر زیات کړئ",
    "ENTER_THE_VEHICLE_DETAILS": "د موټر جزئیات اضافه کړئ",
    "VIN": "د شاسی نمبر",
    "YEAR": "کال",
    "CAR_COLOR": "د موټر رنګ",
    "SELECT_CAR_COLOR": "د موټر رنګ وټاکئ",
    "CAR_INTERIOR_COLOR": "د موټر داخلي رنګ",
    "SELECT_INTERIOR_COLOR": "د موټر داخلي رنګ وټاکئ",
    "TANK_CAPACITY": "د ټانکۍ ظرفیت",
    "FUEL_TYPE": "د سونګ د موادو ډول",
    "SELECT_FUEL_TYPE": "د سونګ د موادو ټاکل",
    "TRANSMISSION_TYPE": "د ګېربکس ډول",
    "SELECT_TRANSMISSION_TYPE": "د ګېربکس ډول انتخاب کړئ",
    "SELECT_NO_OF_CYLINDERS": "د سلنډرونو شمېر",
    "SELECT_DRIVE_TYPE": "د چلولو ډول",
    "CC": "سي سي",
    "SELECT_CC": "سي سي انتخاب کړئ ",
    "BHP": "BHP",
    "SELECT_BHP": "انتخاب BHP د",
    "SEATING": "د سیټونو ډول",
    "SELECT_SEATING": "سیټونو انتخاب کړئ",
    "TOTAL_SPEAKER": "ټول لوډ سپیکرونه",
    "ZIP_CODE": "زیپ کوډ",
    "CAR_DESCRIPTION": "د موټر تشریحات",
    "INTERIORS": "داخلي برخه",
    "EXTERIORS": "بیرونۍ برخه",
    "UPLOAD_THE_CAR_IMAGES": "د موټر انځورونه پورته کړئ",
    "FRONT_PROFILE": "د مخ عکس",
    "UPLOAD": "پورته کول",
    "CHANGE": "بدلول",
    "FRONT_RIGHT_PROFILE": "د مخ خوا ښی خوا عکس",
    "RIGHT_PROFILE": "د ښۍ خوا عکس",
    "BACK_LEFT_PROFILE": "د چپې خوا عکس",
    "BACK_PROFILE": "د موټر د شا لخوا عکس",
    "BACK_RIGHT_PROFILE": "د موټر د ښۍ لخوا د شاعکس",
    "LEFT_PROFILE": "د کیڼ اړخ عکس",
    "FRONT_LEFT_PROFILE": "د مخ لخوا د چپ اړخ عکس",
    "DRIVER_SIDE_VIEW": "د موټر چلونکي د سیټ عکس",
    "DRIVERS_DOOR_PROFILE": "د موټر چلونکي د دروازې عکس",
    "ROOF_PROFILE": "د موټر د چت (بام) عکس",
    "PASSENGER_SIDE_PROFILE": "د موټر چلونکي د څنګ د سیټ عکس",
    "DASHBOARD_VIEW": "د سویچ بورډ عکس",
    "REAR_SEATS_PROFILE": "د شا د سیټونو عکس",
    "ENGINE_VIEW": "د ماشین عکس",
    "TRUNK_VIEW": "د ډالې عکس",
    "SUBMIT_THE_CAR_DETAILS": "د موټر جزئیات تسلیم کړئ",
    "SAVING": "د ثبت په حال کې",
    "FILTERS": "فلترونه",
    "CLEAR_ALL": "ټول پاک کړۍ",
    "CONDITION": "وضعیت",
    "FROM": "له",
    "TO": "ته",
    "MIN_PRICE": "ټیټ نرخ",
    "MAX_PRICE": "لوړ نرخ",
    "NO_RESULTS_FOUND": "هېڅ شی ونه موندل شول",
    "SEARCH_PAGE": "د پلټنې پاڼه",
    "RESULTS": "پایلې",
    "CANCEL": "پاکول",
    "COMPARE_NOW": "پرتله یې کړئ",
    "COMPARE_CARS": "د موټرانو پرتله",
    "ENTER_ZIPCODE": "زیپ کوډ داخل کړئ",
    "SORT_BY": "ترتیبول",
    "ADD_TO_COMPARE": "د پرتلینې لپاره نور زیات کړئ",
    "ADDED_TO_COMPARE": "د پرتلینې لپاره نور زیات شول",
    "MODEL": "ماډل",
    "NEW_TO_MOTARAF": "ته نوی راغلی یم  Motar.af",
    "CREATE_YOUR_MOTARAF_ACCOUNT": "کې نوی حساب پرانیزئ Motar.af",
    "LOGIN_WITH_SOCIAL_MEDIA": "د ټولنیزو رسنیو له لارې داخل شئ",
    "ITS_QUICK_AND_EASY": "چټک او آسانه دی",
    "REGISTER_MESSAGE": "له شرایطو سره موافق یی Motar.af د حساب په پرانیستو سره، تاسې د",
    "MOTAR_AF": "MOTOR.af's",
    "CONDITIONS_OF_USE": "د کارولو شرطونه",
    "PRIVACY_POLICY": "د شخصي حریم قانون",
    "PROFILE": "پروفایل",
    "MY_PROFILE": "زما پروفایل",
    "CONTACT_INFORMATION": "د اړیکو پته",
    "EMAIL_ADDRESS": "بریښنالیک",
    "LOCATION": "ځای",
    "FAVORITES_CARS": "د خوښې وړ موټرونه",
    "HISTORY": "نیټه/تاریخ",
    "NO_FAVORITE_CARS_FOUND": "د خوښې وړ موټر پیدا نشو",
    "CITY": "ښار",
    "CONTACT_CUSTOMER_SUPPORT": "د پیرودونکو له خدمتونو سره اړیکه",
    "CONTACT_REASON": "د اړیکې علت",
    "SELECT_REASON": "د علت انتخاب",
    "COMMENTS": "تبصرې",
    "BECOME_A_DEALER": "د موټر پلورنځي ثبتول",
    "CURRENT_DEALERS": "ثبت شوې موټر پلورنځي",
    "DISPLAY_CARS": "موټر وښیئ",
    "ENTER_VIN": "شاسي نمبر ولیکئ",
    "EDIT": "تصحیح",
    "DELETE": "ړنګول/حذف",
    "INACTIVE": "غیر فعال",
    "ACTIVE": "فعال",
    "WELCOME": "ښه راغلاست",
    "EASILY_MANAGE_YOUR_PROFILE_ALERTS_AND_FAVORITES_IN_ONE_SPOT": "خپل پروفایل، زنګ او د خوښې وړ لیست په آسانۍ سره تنظیم کړئ",
    "VEHICLE_ALERTS": "د موټر زنګ",
    "RECENT_ACTIVITY": "وروستی فعالیت",
    "EDIT_DEALER_CAR_PAGE": "د موټر پلورونکي پاڼه تصحیح کړئ",
    "EDIT_DEALER_CAR": "د موټر پلورنکي د موټر تصحیح",
    "EDIT_VEHICLE_DETAILS": "د موټر جزییات تصحیح کړئ",
    "CREATE_ALERT": "د هشدار ايښودل",
    "FROM_YEAR": "له دې کال نه",
    "TO_YEAR": "تر دې کال پورې",
    "ANY": "ټول",
    "MIN_MILEAGE": "ټیټ مایلژ",
    "MAX_MILEAGE": "کیلومتر",
    "RESET": "لومړي حالت ته وړل",
    "SAVE_ALERT": "دهشدار ثبتول",
    "NO_ALERTS_FOUND": "هېڅ خبر ونه موندل شو",
    "NO_RECENT_ACTIVITY_FOUND": "هېڅ وروستی فعالیت نشته",
    "STOCK_NUMBER": "د ذخیره شمېره",
    "USER_AGREEMENT": "د کاروونکي سره پریکړه لیک",
    "PRIVACY": "خوندیتوب",
    "AD_CHOICES": "انتخابونه اضافه کړئ",
    "COPYRIGHT": "سره خوندي دي. Motar.af ټول حقونه له",
    "SEND": "لیږل",
    "EXTERIOR_COLORS": "بیرونی رنګ",
    "INTERIOR_COLORS": "داخلي رنګ",
    "INTERIOR": "داخل",
    "EXTERIOR": "بیرون",
    "MESSAGE_SELLER": "پلورنکي ته مسج",
    "CALL_SELLER": "له پلورنکي سره اړیکه",
    "VIEW_PHOTOS": "د انځورونو ښکاره کول",
    "VIEWED": "ښکاره شو",
    "REGISTRATION_NUMBER": "د ثبت ګڼه",
    "REGION": "سیمه",
    "CITYAREA": "ښاري سیمه",
    "PROVINCE": "ولایت",
    "GET_DIRECTIONS": "لارښوونې تر لاسه کړئ",
    "CLOSE": "بندول",
    "CALL": "اړیکه نیول",
    "CONTACT": "اړیکه نیول",
    "SELECT_STEERING": "اشترینګ وټاکئ",
    "SELECT_CERTIFIED_TYPE": "د اسناد ډول وټاکئ",
    "CERTIFIED_TYPE": "د اسناد ډول",
    "TYPE_LOCATION": "د ځای نوم ولیکئ",
    "STEERING": "اشترینګ",
    "SELECT_BODY_STYLE": "د باډۍ ډول وټاکئ",
    "KILOMETER": "کلیو متر",
    "MAX_KILOMETER": "لوړ کیلومتر",
    "NO_MAX": "حد اکثر",
    "CITY_AND_AREA": "ښار او سیمه",
    "ENTER_CITY_AND_AREA": "د ښار او سیمې نوم ولیکئ",
    "FEATURES": "ځانګړتیاوې",
    "MIN_YEAR": "حد اقل کال",
    "MAX_YEAR": "حد اکثر کال",
    "SELECT_CITY": "ښار وټاکئ",
    "SELECT_CITYAREA": "ښاري سیمه وټاکئ",
    "COLOR": "رنګ",
    "CANCEL_COMPARE": "مقایسه حذف کړئ",
    "OPTIONS": "انتخابونه",
    "COMFORT": "مستریح",
    "SEATS": "چوکۍ",
    "SAFETY": "خوندیتوب",
    "WINDOWS": "کلکینې",
    "ENTERTAINMENT": "د ساتیري اسباب",
    "OTHER": "نور",
    "USER_CAR_PAGE": "د مستعمل  موټرو پاڼه",
    "SELECT_PROVINCE": "د ولایت انتخابول",
    "AC_FRONT": "د مخ خوا ایرکنډشن",
    "AC_REAR": "د شا طرف ایرکنډشن",
    "CRUISE_CONTROL": "کروز کنترول",
    "NAVIGATION": "د لارښونی سیستم",
    "POWER_LOCKS": "بریښنایی قفل",
    "POWER_STEERING": "بریښنایی اشترنګ",
    "KEYLESS_ENTRY": "بټن سټارت",
    "INTEGRATED_PHONE": "ګډ/ یا ځای شوی ټلیفون",
    "BUCKET_SEAT": "عادی سیټونه",
    "LEATHER_INTERIOR": "(چرمي (داخلي برخه",
    "MEMORY_SEATS": "د سیټونه بریښنایی تنظیم",
    "POWER_SEATS": "بریښنایی سیټونه",
    "AIRBAG_PASSENGER": "ایربګ: د مسافر",
    "AIRBAG_DRIVER": "ایربګ: د موټر چلوونکی",
    "AIRBAG_SIDE": "د هوا کڅوړه : اړخ",
    "ALARM": "الارم",
    "ANTI_LOCK_BRAKES": "د قلف ضد بریکونه",
    "FOG_LIGHTS": "د غبار څراغ",
    "POWER_WINDOWS": "برقي ښيښې",
    "TINTED_GLASS": "فلم لرونکې ښيښې",
    "FM_STEREO": "راډیو ای ام/ اف ام",
    "CASSETTE_PLAYER": "کسیټ پلییر",
    "CD_SINGLE_DISC": "یو ډیسکه سیډي",
    "CD_MULTI_DISC": "زیات ډیسکه سیدي",
    "MP3_SINGLE_DISC": "(یوه ډیسکه) MP3",
    "PREMIUM_SOUND": "لوړ کیفیت واله د غږ سیستم",
    "DVD_SYSTEM": "ډي وي ډي سیستم",
    "TV": "تلویزیون",
    "ALLOY_WHEELS": "المونیمي ویلان",
    "MOONROOF_SUNROOF": "تب",
    "THIRD_ROW_SEATS": "درې قطاره سیټونه",
    "GOVERNMENT_REGISTERED": "د اسنادو سره",
    "WITHOUT_DOCUMENTS": "پرته له اسناد",
    "LEFT_HAND_DRIVE": "اشترنګ: کیڼ لاس",
    "RIGHT_HAND_DRIVE": "اشترنګ: ښی لاس",
    "BACKUP_CAMERA": "د شا د خوا کمره",
    "REAR_WINDOW_WIPER": "د شا د ښيښې پاکوونکی",
    "REAR_WINDOW_DEFROSTER": "د شا د ښيښې د تودې هوا خارجوونکی",
    "KEYLESS_START": "بټن ستارت",
    "UPDATE_THE_CAR_DETAILS": "د موټر جزییات نوي کړئ",
    "MODIFIED_SEARCH": "اصلاح شوې پلټنه",
    "APPLY": "اجرا",
    "USER_CARS_ADD_NEW_CAR": "د کاروونکي موټر / نوی موټر اضافه کړئ",
    "EDIT_USER_CAR": "د مستعمل موټرثرینه کړئ",
    "AREA_CITY": "ښار او سیمه",
    "SELECT_AREA_CITY": "ښار او سیمه وټاکئ",
    "SHOW_DETAILS": "جزییات وښيئ",
    "NON_CERTIFIED": "بې اسناده",
    "CERTIFIED": " اسناد لرونکي",
    "KILOMETERS": "کلیومتر",
    "EDIT_PROFILE": "د پروفایل ثرینه کول",
    "UPDATE": "نوي کول",
    "UPLOAD_IMAGE": "انځور پورته کول",
    "SELECT_ENGINE_CAPACITY": "د ماشین وړتیا",
    "ALTERNATE_PHONE_NUMBER": "د موبایل بله شمېره",
    "PHONE": "ټېلیفون",
    "SAVE": "ثبت",
    "ENTER_STOCK_NUMBER": "د ثبت شمېره داخله کړئ",
    "NEW_SEARCH": "نوې پلټنه",
    "ALL_MAKES": "ټولې نښانې",
    "ALL_MODELS": "ټول ماډلونه",
    "ALL_BODY_STYLES": "د باډۍ  ډولونه",
    "ALL_PROVINCE": "ټول ولایتونه",
    "ALL_AREA_CITY": "ټولې سیمې او ښار",
    "NEW_AND_USED_CARS": "نوي او کارېدلي موټران",
    "ADVANCED_SEARCH": "پرمخ تللې پلټنه",
    "ALL": "ټول",
    "SORT": "سورت کول",
    "SINGLE_CAR_PAGE": "یوازینی موټر",
    "PHONE_SM": "تیلفون",
    "SAVED": "ثبت شوي",
    "SELECT": "ټاکنه",
    "UPDATE_PROFILE": "د پروفایل اصلاح کول ",
    "ADMIN": "مدیر",
    "DONT_HAVE_ACCOUNT": "حساب (اکونټ) نلرۍ",
    "ALREADY_HAVE_ACCOUNT": "تاسې له وړاندې حساب لرۍ",
    "CONFIRM_PASSWORD": "پټ نوم مو تایید کړئ",
    "USERS": "کارکوونکي",
    "DEALER_DETAILS": "د معامله کوونکي معلومات ",
    "CREATE_DEALER": "د معامله کوونکي لپاره حساب جوړ کړئ",
    "NAME": "نوم",
    "DEALER_INDIVIDUAL": "معامله کوونکی/فرد",
    "ACTION": "کړنه/عمل ",
    "FOR_ENROLLMENT_OF_YOUR_DEALER_ACCOUNT": "د خپل معامله کوونکي د حساب د نوم لیکنې لپاره ",
    "PLEASE_CALL_EMAIL_US": "مهرباني وکړئ اړیکه ونیسئ/بریښنالیک را واستوئ ",
    "DEALER_SUPPORT": "د معامله کوونکي مرسته",
    "EMAIL_US": "برېښنالیک را واستوئ ",
    "PHONE_SUPPORT_NUMBERS": "د ټیلیفون مرستندویې شمېرې ",
    "MAX_CARS_LIMIT": "د موټرانو حد اکثر حد",
    "ENG_FIRST_NAME": "First Name",
    "ENG_LAST_NAME": "Last Name",
    "ENG_COMPANY_NAME": "Company Name",
    "ENG_ADDRESS": "Address",
    "DARI_FIRST_NAME": "اسم",
    "DARI_LAST_NAME": "تخلص",
    "DARI_COMPANY_NAME": "نام شرکت",
    "DARI_ADDRESS": "آدرس",
    "PASHTO_FIRST_NAME": "نوم",
    "PASHTO_LAST_NAME": "تخلص",
    "PASHTO_COMPANY_NAME": "د شرکت نوم",
    "PASHTO_ADDRESS": "پته",
    "SENDING": "استول",
    "NO_CARS_ADDED": "موټران نه دي زیات شوي",
    "LEATHER_SEATS":"جرمی سیټونه"
}