{
    "USERNAME_REQUIRED": "User name is required",
    "PASSWORD_REQUIRED": "Password is required",
    "INVALID_CREDENTIALS": "Invalid credentials",
    "USER_INFORMATION_SAVED_SUCCESSFULLY_AND_PASSWORD_SENT_TO_REGISTERED_EMAIL_ID": "User information saved successfully and password sent to registered email id",
    "DEALER_INFORMATION_SAVED_SUCCESSFULLY_AND_OUR_REPRESENTATIVE_WILL_CONTACT_YOU_SHORTLY": "Dealer information saved successfully and our representative will contact you shortly",
    "ERROR_WHILE_SAVING_INFORMATION": "! Error while saving information",
    "USER_LOGGINED_SUCCESSFULLY": "User loggined successfully",
    "PLEASE_CHECK_YOUR_USERNAME_AND_PASSWORD": "Please check your username and password",
    "ERROR_WHILE_LOGIN_PLEASE_TRY_AGAIN": "! Error while login please try again",
    "PASSWORD_UPDATED_SUCCESSFULLY_PLEASE_RELOGIN_WITH_NEW_PASSWORD": "Password updated successfully please relogin with new password",
    "ERROR_WHILE_UPDATING_PASSWORD_PLEASE_TRY_AGAIN": "! Error while updating password please try again",
    "SUCCESSFULLY_LOGGED_OUT": "Successfully logged out",
    "PLEASE_LOGIN_TO_CONTINUE": "! Please login to continue ..",
    "MAX_COMPARE_CARS_REACHED": "Maximum 3 cars are allowed to compare",
    "PLEASE_LOGIN_TO_ADD_FOR_FAVORITES": "Please Login to add for favorites",
    "SELECT_CARS_TO_CHOOSE_THEM_FOR_COMPARISON": "Please select cars to compare",
    "ALERT_SAVED_SUCCESSFULLY": "Alert saved successfully",
    "ERROR_WHILE_SAVING_ALERT": "Error while saving alert",
    "CAR_INFORMATION_SAVED_SUCCESSFULLY": "Car information saved successfully",
    "ERROR_WHILE_SAVING_CAR_INFORMATION": "! Error while saving car information",
    "PASSWORD_SENT_TO_REGISTERED_EMAIL": "Password sent to registered email",
    "DELETED_SUCCESSFULLY": "Deleted Successfully",
    "ERROR_WHILE_DELETING": "!Error while deleting please try again",
    "VEHICLE_INFO_INACTIVED": "Vehicle info has been inactivated",
    "VEHICLE_INFO_ACTIVED": "Vehicle info has been activated",
    "ERROR_PLEAE_TRY_AGAIN": "! Error  please try again",
    "USER_HAS_NO_ACCESS": "User has no access to add more than one car",
    "MAIL_SENT_TO_OWNER": "Mail Sent To Owner",
    "PROFILE_UPDATED_SUCCESSFULLY": "Profile Updated Successfully",
    "PLEASE_LOGIN_TO_SAVE_ALERT": "Please Login To Save Alert",
    "PLEASE_REGISTER_TO_SAVE_ALERT": "Please Register To Save Alert",
    "PASSWORD_AND_CONFIRM_PASSWORD_DOESNT_MATCH": "Password and Confirm Password Doesn't Match",
    "MESSAGE": "message",
    "PLEASE_CHECK_YOUR_EMAIL_AND_PASSWORD": "Please check your email and password",
    "DEALER_ACCOUNT_CREATED_SUCCESSFULLY": "Dealer Account Created Successfully",
    "ACCOUNT_DEACTIVATED": "Account is Deactivated Please contact Admin",
    "DEALER_CARS_EXCEEDED": "Your Car Limit has been Exceeded. Please Contact MOTAR.AF.",
    "DEALER_ACCOUNT_UPDATED_SUCCESSFULLY": "Dealer Account Updated Successfully",
    "PLEASE_LOGIN_IN_INDIVIDUAL_PAGE": "You have no access in Dealer Login, Please Login in Individual Login Page",
    "PLEASE_LOGIN_IN_DEALER_PAGE": "You have no access in Individual Login, Please Login in Dealer Login Page"
}