{
    "USERNAME_REQUIRED": "د کاروونکي نوم اړین دی",
    "PASSWORD_REQUIRED": "پټ نوم اړین دی",
    "INVALID_CREDENTIALS": "ناسم نوم او پټ نوم",
    "USER_INFORMATION_SAVED_SUCCESSFULLY_AND_PASSWORD_SENT_TO_REGISTERED_EMAIL_ID": "د کارېدوونکي نوم په بریالیتوب سره ثبت شو او پټ نوم مو بريښنالیک ته ولیږل شو",
    "DEALER_INFORMATION_SAVED_SUCCESSFULLY_AND_OUR_REPRESENTATIVE_WILL_CONTACT_YOU_SHORTLY": "د موټر پلورونکی اړوند معلومات په بریالیتوب سره ثبت شول او زموږ استازی به له تاسې سره اړیکه ونیسي",
    "ERROR_WHILE_SAVING_INFORMATION": "! د معلوماتو په ثبتولو کې تېروتنه",
    "USER_LOGGINED_SUCCESSFULLY": "سیستم ته داخلېدل بریالی وو",
    "PLEASE_CHECK_YOUR_USERNAME_AND_PASSWORD": "مهرباني وکړئ خپل کارېدوونکی نوم او پټ نوم وګورئ",
    "ERROR_WHILE_LOGIN_PLEASE_TRY_AGAIN": "! سیستم ته په داخلېدو کې تېروتنه ده",
    "PASSWORD_UPDATED_SUCCESSFULLY_PLEASE_RELOGIN_WITH_NEW_PASSWORD": "پټ نوم په بریالیتوب سره بدل شو، مهرباني وکړئ نوی پټ نوم داخل کړئ",
    "ERROR_WHILE_UPDATING_PASSWORD_PLEASE_TRY_AGAIN": "! د پټ نوم په بدلولو کې تېروتنه ده؛ بیا کوښښ وکړئ",
    "SUCCESSFULLY_LOGGED_OUT": "له سیستم څخه وتل بریالي وو",
    "PLEASE_LOGIN_TO_CONTINUE": "! د ادامې لپاره مهرباني وکړئ سیستم ته داخل شئ ..",
    "MAX_COMPARE_CARS_REACHED": "حد اکثر درې موتران د پرتلېینې لپاره ټاکلی شئ",
    "PLEASE_LOGIN_TO_ADD_FOR_FAVORITES": "د خوښې لیست ٬ مهرباني وکړئ سیستم ته داخل شئ",
    "SELECT_CARS_TO_CHOOSE_THEM_FOR_COMPARISON": "مهرباني وکړئ موټران د پرتلېینه لپاره وټاکئ ",
    "ALERT_SAVED_SUCCESSFULLY": "دهشدار په بریالیتوب سره ثبت شو",
    "ERROR_WHILE_SAVING_ALERT": "دهشدار په ثبتولو کې تېروتنه وه",
    "CAR_INFORMATION_SAVED_SUCCESSFULLY": "د موټر اړوند معلومات په بریالیتوب سره ذخیره شول",
    "ERROR_WHILE_SAVING_CAR_INFORMATION": "!د معلوماتو په ثبتولو کې تېروتنه وه",
    "PASSWORD_SENT_TO_REGISTERED_EMAIL": "ثبت شوي بریښنالیک ته پټ نوم ته ولیږل شو",
    "DELETED_SUCCESSFULLY": "په بریالیتوب سره حذف شو",
    "ERROR_WHILE_DELETING": "! په حذفولو کې تېروتنه وه؛ یو ځل بیا کوښښ وکړئ",
    "VEHICLE_INFO_INACTIVED": "د موټر معلومات غیر فعال شول ",
    "VEHICLE_INFO_ACTIVED": "د موټر معلومات فعال شول",
    "ERROR_PLEAE_TRY_AGAIN": "! تېروتنه! مهرباني وکړئ بیا کوښښ وکړئ",
    "USER_HAS_NO_ACCESS": "کاروونکی نشي کولی چې له یوه څه زیات موټران اضافه کړي",
    "MAIL_SENT_TO_OWNER": "مالک ته برېښنالیک واستول شو",
    "PROFILE_UPDATED_SUCCESSFULLY": "پروفایل مو په بریالیتوب سره اصلاح کړ",
    "PLEASE_LOGIN_TO_SAVE_ALERT": "د زنګ د ذخیره کولو لپاره مهرباني وکړئ داخل شئ",
    "PLEASE_REGISTER_TO_SAVE_ALERT": "د زنګ د ذخیرې کولو لپاره مهرباني وکړئ نوم لیکنه وکړئ ",
    "PASSWORD_AND_CONFIRM_PASSWORD_DOESNT_MATCH": "پټ نوم او تاييد شوي پټ نوم یو شان نه دي",
    "MESSAGE": "پیغام",
    "PLEASE_CHECK_YOUR_EMAIL_AND_PASSWORD": "مهرباني وکړئ خپل برېښنالیک او پټ نوم وګورئ ",
    "DEALER_ACCOUNT_CREATED_SUCCESSFULLY": "د معامله کوونکي حساب په بریالیتوب سره جوړ شو ",
    "ACCOUNT_DEACTIVATED": "Account is Deactivated Please contact Admin",
    "DEALER_CARS_EXCEEDED": "ستاسې د موټرانو حد زیات کړل شو. مهرباني وکړئ له (موټر ټکی اې ایف) سره اړیکه ونیسئ",
    "DEALER_ACCOUNT_UPDATED_SUCCESSFULLY": "د معامله کوونکي حساب په بریالیتوب سره اصلاح شو",
    "PLEASE_LOGIN_IN_INDIVIDUAL_PAGE": "تاسې د معامله کوونکي حساب ته لاسرسی نلری. مهرباني وکړئ د فردی پاڼې ته ننوزئ ",
    "PLEASE_LOGIN_IN_DEALER_PAGE": "تاسې د فردی پاڼې ته لاسرسی نه لري. مهرباني وکړئ د معامله کوونکي حساب ته ننوزئ "
}