{
    "USERNAME_REQUIRED": "اسم کاربر ضروری است",
    "PASSWORD_REQUIRED": "پسورد ضروری است",
    "INVALID_CREDENTIALS": "اسم کاربر و پسورد اشتباه است",
    "USER_INFORMATION_SAVED_SUCCESSFULLY_AND_PASSWORD_SENT_TO_REGISTERED_EMAIL_ID": "معلومات کاربر موفقانه ثبت شد و پسورد به ایمیل ثبت شده ارسال گردید",
    "DEALER_INFORMATION_SAVED_SUCCESSFULLY_AND_OUR_REPRESENTATIVE_WILL_CONTACT_YOU_SHORTLY": "معلومات موتر فروشی موفقانه ثبت شد. نماینده ما به زودی با شما به تماس میشود",
    "ERROR_WHILE_SAVING_INFORMATION": "! خطا در هنگام ثبت معلومات",
    "USER_LOGGINED_SUCCESSFULLY": "ورود به سیستم موفق بود",
    "PLEASE_CHECK_YOUR_USERNAME_AND_PASSWORD": "لطفآ اسم کاربر و پسورد خود را چک کنید",
    "ERROR_WHILE_LOGIN_PLEASE_TRY_AGAIN": "! خطا در هنگام داخل شدن، لطفا دوباره کوشش نمائید",
    "PASSWORD_UPDATED_SUCCESSFULLY_PLEASE_RELOGIN_WITH_NEW_PASSWORD": "پسورد موفقانه تغیر نمود لطفآ با پسورد جدید وارد شوید",
    "ERROR_WHILE_UPDATING_PASSWORD_PLEASE_TRY_AGAIN": "! خطا در هنگام تغیر پسورد، لطفآ دوباره کوشش نمایید",
    "SUCCESSFULLY_LOGGED_OUT": "خروچ از سیستم موفق بود",
    "PLEASE_LOGIN_TO_CONTINUE": "! برای ادامه لطفآ در سیستم وارد شوید ..",
    "MAX_COMPARE_CARS_REACHED": "حد اکثر سه موتر را میتوانید مقایسه کنید",
    "PLEASE_LOGIN_TO_ADD_FOR_FAVORITES": "برای افزود در لیست دلخوا، لطفآ در سیستم داخل شوید",
    "SELECT_CARS_TO_CHOOSE_THEM_FOR_COMPARISON": "برای مقایسه لطفآ موتر ها را انتخاب نمایید",
    "ALERT_SAVED_SUCCESSFULLY": "هشدار موفقانه ثبت شد",
    "ERROR_WHILE_SAVING_ALERT": "خطا در هنگام ثبت هشدار",
    "CAR_INFORMATION_SAVED_SUCCESSFULLY": "ملومات موتر موفقانه ثبت گردید",
    "ERROR_WHILE_SAVING_CAR_INFORMATION": "!خطا در هنگام ثبت معلومات موتر",
    "PASSWORD_SENT_TO_REGISTERED_EMAIL": "پسورد به ایمیل ثبت شده ارسال گردید",
    "DELETED_SUCCESSFULLY": "موفقانه حذف گردید",
    "ERROR_WHILE_DELETING": "! خطا در هنگام حذف، لطفآ دوباره کوشش نمائید",
    "VEHICLE_INFO_INACTIVED": "معلومات وسایط غیر فعال گردید",
    "VEHICLE_INFO_ACTIVED": "معلومات وسایط فعال گردید",
    "ERROR_PLEAE_TRY_AGAIN": "! خطا! لطفآ دوباره کوشش نمائید",
    "USER_HAS_NO_ACCESS": "استفاده کننده عادی از یک موتر بیشتر ثبت کرده نمیتواند",
    "MAIL_SENT_TO_OWNER": "ایمیل به مالک موتر ارسال گردید",
    "PROFILE_UPDATED_SUCCESSFULLY": "پروفایل موفقانه تجدید گردید",
    "PLEASE_LOGIN_TO_SAVE_ALERT": "جهت ثبت هشدار لطفآ وارد سیتم شوید",
    "PLEASE_REGISTER_TO_SAVE_ALERT": "جهت ثبت هشدار لطفآ حساب باز نمایید",
    "PASSWORD_AND_CONFIRM_PASSWORD_DOESNT_MATCH": "پسورد و تایید پسورد با هم یکسان نیست",
    "MESSAGE": "پیام",
    "PLEASE_CHECK_YOUR_EMAIL_AND_PASSWORD": "لطفآ ایمیل و پسورد خود را چک کنید",
    "DEALER_ACCOUNT_CREATED_SUCCESSFULLY": "حساب موترفروشی موفقانه ایجاد گردید",
    "ACCOUNT_DEACTIVATED": "Account is Deactivated Please contact Admin",
    "DEALER_CARS_EXCEEDED": "تعداد موتر های شما به حد آکثر آن رسیده است. لطفآ با موتر.ای اف در تماس شوید",
    "DEALER_ACCOUNT_UPDATED_SUCCESSFULLY": "حساب موترفروشی موفقانه تجدید گردید",
    "PLEASE_LOGIN_IN_INDIVIDUAL_PAGE": "شما نمیتوانید منحیث موترفروش وارد سیستم شوید، لطفآ از بخش حساب انفرادی استفاده نمایید",
    "PLEASE_LOGIN_IN_DEALER_PAGE": "شما نمیتوانید منحیث استفاده کننده انفرادی وارد سیستم شوید، لطفآ از بخش حساب موتر فروشی استفاده نمایید"
}