<?xml version="1.0" encoding="UTF-8"?>
<beans xmlns:xsi="http://www.w3.org/2001/XMLSchema-instance"
	xmlns:context="http://www.springframework.org/schema/context" xmlns:tx="http://www.springframework.org/schema/tx"
	xmlns="http://www.springframework.org/schema/beans" xmlns:task="http://www.springframework.org/schema/task"
	xmlns:mongo="http://www.springframework.org/schema/data/mongo"
	xsi:schemaLocation="http://www.springframework.org/schema/beans
       http://www.springframework.org/schema/beans/spring-beans.xsd
       http://www.springframework.org/schema/context
       http://www.springframework.org/schema/context/spring-context.xsd
       http://www.springframework.org/schema/tx
       http://www.springframework.org/schema/tx/spring-tx.xsd
       http://www.springframework.org/schema/data/mongo
       http://www.springframework.org/schema/data/mongo/spring-mongo.xsd
       http://www.springframework.org/schema/task     
	   http://www.springframework.org/schema/task/spring-task-3.0.xsd">


	<context:annotation-config />
	<context:component-scan base-package="com.synergy,com.guvvala"
		annotation-config="true" />
	<tx:annotation-driven transaction-manager="txManager" />
	<bean id="txManager" class="org.springframework.orm.jpa.JpaTransactionManager">
		<property name="entityManagerFactory" ref="entityManagerFactory" />
	</bean>
	<bean id="entityManagerFactory"
		class="org.springframework.orm.jpa.LocalContainerEntityManagerFactoryBean">
		<property name="persistenceUnitName" value="default" />
		<property name="dataSource" ref="bqmDS" />
		<property name="jpaVendorAdapter">
			<bean class="org.springframework.orm.jpa.vendor.HibernateJpaVendorAdapter">
				<property name="databasePlatform" value="org.hibernate.dialect.MySQLDialect" />
				<property name="showSql" value="true" />
			</bean>
		</property>
		<property name="jpaProperties">
			<props>
				<prop key="org.hibernate.envers.audit_table_prefix"></prop>
				<prop key="org.hibernate.envers.audit_table_suffix">_rev</prop>
				<prop key="org.hibernate.envers.revision_field_name">REV_ID</prop>
				<prop key="org.hibernate.envers.revision_type_field_name">REVISION_TYPE</prop>
				<prop key="org.hibernate.envers.store_data_at_delete">true</prop>
				<prop key="org.hibernate.envers.audit_strategy">org.hibernate.envers.strategy.DefaultAuditStrategy
				</prop>
				<prop key="org.hibernate.envers.modified_flag_suffix">_MOD</prop>
				<prop key="hibernate.generate_statistics">true</prop>
				<prop key="hibernate.id.new_generator_mappings">false</prop>
			</props>
		</property>
		<property name="packagesToScan" value="com.synergy.bqm" />
	</bean>

	<bean id="bqmDS" class="org.springframework.jndi.JndiObjectFactoryBean">
		<property name="jndiName" value="java:comp/env/jdbc/bqm" />
	</bean>

	<bean id="mailSender" class="org.springframework.mail.javamail.JavaMailSenderImpl">
		<property name="session" ref="mailSession">
			<!-- <props> <prop key="mail.smtp.starttls.enable">true</prop> <prop key="mail.smtp.ssl.trust">theRemoteSmtpServer</prop> 
				<prop key="mail.smtp.auth">true</prop> </props> -->
		</property>
	</bean>

	<bean id="mailSession" class="org.springframework.jndi.JndiObjectFactoryBean">
		<property name="jndiName" value="java:comp/env/mail/session" />
	</bean>

</beans>