<?xml version="1.0" encoding="UTF-8"?>
<beans xmlns:xsi="http://www.w3.org/2001/XMLSchema-instance"
	xmlns:context="http://www.springframework.org/schema/context" xmlns:tx="http://www.springframework.org/schema/tx"
	xmlns="http://www.springframework.org/schema/beans" xmlns:task="http://www.springframework.org/schema/task"
	xmlns:mongo="http://www.springframework.org/schema/data/mongo"
	xsi:schemaLocation="http://www.springframework.org/schema/beans
       http://www.springframework.org/schema/beans/spring-beans.xsd
       http://www.springframework.org/schema/context
       http://www.springframework.org/schema/context/spring-context.xsd
       http://www.springframework.org/schema/tx
       http://www.springframework.org/schema/tx/spring-tx.xsd
       http://www.springframework.org/schema/data/mongo
       http://www.springframework.org/schema/data/mongo/spring-mongo.xsd
       http://www.springframework.org/schema/task     
	   http://www.springframework.org/schema/task/spring-task-3.0.xsd">


	<context:annotation-config />
	<context:component-scan base-package="com.sgsystems.motor"
		annotation-config="true" />
	<tx:annotation-driven transaction-manager="txManager" />
	<bean id="txManager" class="org.springframework.orm.jpa.JpaTransactionManager">
		<property name="entityManagerFactory" ref="entityManagerFactory" />
	</bean>
	<bean id="entityManagerFactory"
		class="org.springframework.orm.jpa.LocalContainerEntityManagerFactoryBean">
		<property name="persistenceUnitName" value="default" />
		<property name="dataSource" ref="motorDS" />
		<property name="jpaVendorAdapter">
			<bean class="org.springframework.orm.jpa.vendor.HibernateJpaVendorAdapter">
				<property name="databasePlatform" value="org.hibernate.dialect.MySQLDialect" />
				<property name="showSql" value="true" />
			</bean>
		</property>
		<property name="packagesToScan" value="com.sgsystems.motor" />
		<property name="jpaProperties">
			<props>
				<prop key="hibernate.use_sql_comments">false</prop>
				<prop key="hibernate.format_sql">false</prop>
				<prop key="hibernate.generate_statistics">false</prop>
			</props>
		</property>
	</bean>

	<bean id="motorDS" class="org.springframework.jndi.JndiObjectFactoryBean">
		<property name="jndiName" value="java:comp/env/jdbc/motor" />
	</bean>


	<bean id="mailSender" class="org.springframework.mail.javamail.JavaMailSenderImpl">
		<property name="session" ref="mailSession"></property>
	</bean>

	<bean id="mailSession" class="org.springframework.jndi.JndiObjectFactoryBean">
		<property name="jndiName" value="java:comp/env/mail/session" />
	</bean>

</beans>