<?xml version="1.0" encoding="UTF-8"?>
<beans xmlns:xsi="http://www.w3.org/2001/XMLSchema-instance"
	xmlns:mvc="http://www.springframework.org/schema/mvc" xmlns="http://www.springframework.org/schema/beans"
	xmlns:context="http://www.springframework.org/schema/context"
	xsi:schemaLocation="http://www.springframework.org/schema/mvc 
	                    http://www.springframework.org/schema/mvc/spring-mvc.xsd
                        http://www.springframework.org/schema/beans 
                        http://www.springframework.org/schema/beans/spring-beans.xsd
                        http://www.springframework.org/schema/context
                        http://www.springframework.org/schema/context/spring-context-3.0.xsd">

	<mvc:annotation-driven>
		<mvc:message-converters>
			<bean
				class="org.springframework.http.converter.json.MappingJackson2HttpMessageConverter">
				<property name="objectMapper" ref="objectMapper" />
			</bean>
		</mvc:message-converters>
	</mvc:annotation-driven>
	
	<mvc:cors>
		<mvc:mapping path="/**" />
	</mvc:cors>

	<bean id="objectMapper"
		class="org.springframework.http.converter.json.Jackson2ObjectMapperFactoryBean" />

	<bean id="multipartResolver"
		class="org.springframework.web.multipart.commons.CommonsMultipartResolver">
		<!-- one of the properties available; the maximum file size in bytes -->
		<property name="maxUploadSize" value="1000000" />
	</bean>

	<mvc:interceptors>
		<mvc:interceptor>
			<mvc:mapping path="/**" />
			<bean class="com.guvvala.framework.util.ControllerInterceptors" />
		</mvc:interceptor>
	</mvc:interceptors>

	<context:component-scan base-package="com.sgsystems,com.guvvala" />
</beans>